run_id,epoch,model,val/iid_MSE,val/far_MSE,val/wide_MSE
fxan3z2w,985,explicit-mlp,40.0517692565918,6.121727466583252,539.9921264648438
0wgla9vc,985,explicit-mlp,40.076541900634766,6.309149742126465,536.4494018554688
goqathcd,985,explicit-mlp,41.10968017578125,6.247219562530518,552.1851196289062
5c7u4ujk,985,explicit-mlp,41.47107696533203,6.4725823402404785,557.0997924804688
nrzkcc9w,985,explicit-mlp,40.44797897338867,6.408493518829346,548.5802001953125
caf9lb80,999,explicit-transformer,38.82884216308594,4.245325565338135,415.92791748046875
lqz221f8,999,explicit-transformer,37.28557586669922,4.108962059020996,405.4035949707031
k8omcxri,999,explicit-transformer,38.6903076171875,4.247977256774902,420.07110595703125
