run_id,epoch,model,val/iid_MSE,val/far_MSE,val/wide_MSE
evvaqqh8,999.0,explicit-mlp,1764.41650390625,413.7108154296875,20382.376953125
pp61wu1r,999.0,explicit-mlp,1683.977294921875,384.4478454589844,19362.720703125
kwv2tvfe,999.0,explicit-mlp,1705.4864501953125,399.93035888671875,20439.984375
x40tbpb7,999.0,explicit-mlp,1714.1966552734375,374.4390563964844,19851.748046875
r5v8z9iu,999.0,explicit-transformer,1580.6175537109375,291.1129455566406,16905.734375
chnedujv,999.0,explicit-transformer,1577.979736328125,335.32684326171875,17382.990234375
iq1acycp,999.0,explicit-transformer,1583.9844970703125,299.5494384765625,16598.6328125
